"Campaign name",Region,Reach,Impressions,Frequency,Currency,"Amount spent (INR)","Link clicks","CPC (cost per link click)","Clicks (all)","CPC (all)","CTR (all)","Adds to cart","Cost per add to cart","Checkouts initiated","Cost per checkout initiated",Purchases,"Reporting starts","Reporting ends"
,,635040,878306,1.38307193,INR,33245.34,39581,0.83993179,40048,0.83013734,4.55968649,128,259.72921875,69,481.81652174,3437,2025-02-01,2025-08-04
"Traffic Campaign_Flash Sale2_05/05/2025","Uttar Pradesh",45680,67641,1.48075744,INR,860.26348913,2030,0.42377512,1937,0.44412157,2.86364779,,,,,,2025-02-01,2025-08-04
"Add To Cart_Father's Day_11/06",Maharashtra,3120,4075,1.30608974,INR,827.48059842,165,5.01503393,206,4.01689611,5.05521472,,,,,,2025-02-01,2025-08-04
"Traffic_Website Visit_28/06/25",Kerala,7489,12727,1.69942582,INR,810.64803121,2089,0.38805554,2034,0.39854869,15.98177104,,,,,,2025-02-01,2025-08-04
"Add to Cart_28/06",Maharashtra,2808,5091,1.81303419,INR,790.42015003,172,4.59546599,293,2.69767969,5.75525437,,,,,,2025-02-01,2025-08-04
"Traffic_Website Visit_28/06/25","West Bengal",11666,16023,1.37347848,INR,788.40643902,2020,0.39030022,2020,0.39030022,12.60687761,,,,,,2025-02-01,2025-08-04
"Traffic Campaign_Model_14/05/2025","West Bengal",18736,21480,1.14645602,INR,694.43040065,1390,0.49959022,1413,0.49145817,6.57821229,,,,,,2025-02-01,2025-08-04
"Traffic_Website Visit_28/06/25","Uttar Pradesh",9410,12726,1.35239107,INR,655.64693527,1742,0.37637597,1731,0.37876773,13.60207449,,,,,,2025-02-01,2025-08-04
"Add to Cart_28/06","West Bengal",2528,4735,1.87302215,INR,643.03334007,134,4.79875627,200,3.2151667,4.22386484,,,,,,2025-02-01,2025-08-04
"Add To Cart_Father's Day_11/06","Uttar Pradesh",4456,5101,1.14474865,INR,585.18821439,182,3.21531986,196,2.98565416,3.84238385,,,,,,2025-02-01,2025-08-04
"Add to Cart_28/06","Uttar Pradesh",3184,4830,1.5169598,INR,533.6408635,171,3.1207068,240,2.2235036,4.9689441,,,,,,2025-02-01,2025-08-04
"Add To Cart_Father's Day_11/06","West Bengal",2784,3880,1.39367816,INR,498.46662346,108,4.6154317,129,3.86408235,3.32474227,,,,,,2025-02-01,2025-08-04
"Traffic_Website Visit_28/06/25",Maharashtra,5393,8134,1.50825144,INR,458.71283751,1147,0.39992401,1128,0.40666032,13.86771576,,,,,,2025-02-01,2025-08-04
"Traffic Campaign_Model_14/05/2025","Uttar Pradesh",12176,13274,1.0901774,INR,436.81041669,803,0.54397312,797,0.54806828,6.00421877,,,,,,2025-02-01,2025-08-04
"Traffic Campaign_Flash Sale2_05/05/2025",Bihar,19917,31571,1.58512828,INR,403.27143853,933,0.43223091,897,0.44957797,2.84121504,,,,,,2025-02-01,2025-08-04
"Add to Cart_28/06",Gujarat,1888,3270,1.73199153,INR,392.34474821,92,4.26461683,164,2.39234603,5.01529052,,,,,,2025-02-01,2025-08-04
TeeFusion_Sales_Scaling,Maharashtra,2088,2577,1.2341954,INR,375.93298324,44,8.54393144,79,4.75864536,3.06558013,,,,,,2025-02-01,2025-08-04
"Traffic_Website Visit_28/06/25",Gujarat,4657,6898,1.48121108,INR,362.23593109,909,0.39849937,884,0.40976915,12.81530879,,,,,,2025-02-01,2025-08-04
"Traffic Campaign_Flash Sale2_05/05/2025",Maharashtra,17925,25406,1.41735007,INR,357.94310168,897,0.39904471,856,0.41815783,3.36928285,,,,,,2025-02-01,2025-08-04
"Add to Cart_28/06",Delhi,1440,2782,1.93194444,INR,356.46065551,75,4.75280874,126,2.82905282,4.52911574,,,,,,2025-02-01,2025-08-04
"Traffic_Website Visit_28/06/25",Assam,5201,7361,1.41530475,INR,348.12492094,844,0.41247029,825,0.4219696,11.20771634,,,,,,2025-02-01,2025-08-04
"Add To Cart_Father's Day_11/06",Gujarat,2352,3040,1.29251701,INR,332.9445003,95,3.50467895,100,3.329445,3.28947368,,,,,,2025-02-01,2025-08-04
"Add to Cart_28/06",Karnataka,1008,1692,1.67857143,INR,303.38460201,48,6.32051254,90,3.37094002,5.31914894,,,,,,2025-02-01,2025-08-04
"Traffic Campaign_Model_14/05/2025",Bihar,8752,10348,1.18235832,INR,301.35300545,573,0.52592148,572,0.52684092,5.52763819,,,,,,2025-02-01,2025-08-04
"Add To Cart_Father's Day_11/06",Karnataka,776,1183,1.52448454,INR,296.54963588,44,6.73976445,56,5.29552921,4.73372781,,,,,,2025-02-01,2025-08-04
"Traffic Campaign_Model_14/05/2025",Assam,7872,9142,1.1613313,INR,292.49644384,567,0.51586674,558,0.52418718,6.10369722,,,,,,2025-02-01,2025-08-04
"Traffic Campaign_Flash Sale2_05/05/2025","Tamil Nadu",11693,16036,1.3714188,INR,291.48834264,661,0.44098085,634,0.45976079,3.95360439,,,,,,2025-02-01,2025-08-04
"Traffic_Website Visit_28/06/25",Bihar,4321,5458,1.26313353,INR,272.13948143,674,0.40376778,661,0.41170875,12.11066325,,,,,,2025-02-01,2025-08-04
"Traffic Campaign_Flash Sale2_05/05/2025","Punjab region",11115,17799,1.60134953,INR,272.1107299,590,0.46120463,560,0.48591202,3.14624417,,,,,,2025-02-01,2025-08-04
"Traffic_Website Visit_28/06/25","Punjab region",3249,5012,1.5426285,INR,264.61894306,716,0.36957953,713,0.37113456,14.22585794,,,,,,2025-02-01,2025-08-04
"Traffic_Website Visit_28/06/25","Tamil Nadu",2609,4624,1.77232656,INR,264.39892731,674,0.39228327,661,0.39999838,14.2949827,,,,,,2025-02-01,2025-08-04
"Add To Cart_Father's Day_11/06","Tamil Nadu",864,1203,1.39236111,INR,260.36479953,63,4.1327746,72,3.61617777,5.98503741,,,,,,2025-02-01,2025-08-04
"Instagram post: Flex your fandom and win a...","Uttar Pradesh",29668,32856,1.10745584,INR,257.99352034,197,1.30961178,191,1.35075142,0.58132457,,,,,,2025-02-01,2025-08-04
"Updated Sales Campaign_24/06",Maharashtra,1821,1925,1.05711148,INR,256.00331551,33,7.75767623,48,5.33340241,2.49350649,,,,,,2025-02-01,2025-08-04
"Traffic Campaign_Flash Sale2_05/05/2025",Gujarat,15933,21846,1.37111655,INR,249.58727028,656,0.3804684,627,0.39806582,2.87009063,,,,,,2025-02-01,2025-08-04
"Add To Cart_Normal_11/06",Maharashtra,1236,1408,1.13915858,INR,248.83596228,21,11.84933154,31,8.02696653,2.20170455,,,,,,2025-02-01,2025-08-04
"Add to Cart_28/06",Rajasthan,1320,2161,1.63712121,INR,245.85804092,86,2.85881443,112,2.19516108,5.18278575,,,,,,2025-02-01,2025-08-04
"Traffic Campaign_Flash Sale2_05/05/2025","Madhya Pradesh",12143,18880,1.55480524,INR,238.541629,612,0.3897739,589,0.40499428,3.11970339,,,,,,2025-02-01,2025-08-04
"Traffic_Website Visit_28/06/25","Madhya Pradesh",3265,4542,1.39111792,INR,233.00668006,564,0.41313241,541,0.43069627,11.9110524,,,,,,2025-02-01,2025-08-04
"Traffic Campaign_Flash Sale2_05/05/2025",Rajasthan,13428,20781,1.54758713,INR,222.6415339,630,0.35339926,609,0.36558544,2.93056157,,,,,,2025-02-01,2025-08-04
"Add To Cart_Father's Day_11/06",Bihar,3176,3200,1.00755668,INR,213.79857564,100,2.13798576,101,2.11681758,3.15625,,,,,,2025-02-01,2025-08-04
"Add to Cart_28/06","Punjab region",752,1340,1.78191489,INR,210.32398814,44,4.78009064,66,3.18672709,4.92537313,,,,,,2025-02-01,2025-08-04
"Traffic_Website Visit_28/06/25",Rajasthan,2849,4110,1.44261144,INR,205.7547292,528,0.38968699,513,0.40108134,12.48175182,,,,,,2025-02-01,2025-08-04
"Add to Cart_28/06","Madhya Pradesh",1080,1588,1.47037037,INR,205.73346458,60,3.42889108,83,2.47871644,5.22670025,,,,,,2025-02-01,2025-08-04
"Traffic_Website Visit_28/06/25",Karnataka,2432,3733,1.53495066,INR,205.03467765,529,0.38758918,514,0.39890015,13.76908653,,,,,,2025-02-01,2025-08-04
"Add to Cart_28/06","Tamil Nadu",840,1600,1.9047619,INR,203.90325584,47,4.33836715,82,2.48662507,5.125,,,,,,2025-02-01,2025-08-04
"Add to Cart_28/06",Bihar,1256,1939,1.54378981,INR,203.71323417,74,2.75288154,92,2.21427428,4.74471377,,,,,,2025-02-01,2025-08-04
"Add To Cart_Father's Day_11/06",Delhi,1112,1570,1.4118705,INR,203.48719745,32,6.35897492,37,5.49965399,2.3566879,,,,,,2025-02-01,2025-08-04
"Traffic Campaign_Flash Sale2_05/05/2025","West Bengal",14520,19802,1.3637741,INR,199.38437836,519,0.38417029,491,0.40607816,2.47954752,,,,,,2025-02-01,2025-08-04
"Traffic Campaign_Model_14/05/2025",Gujarat,4848,5297,1.09261551,INR,195.46411479,362,0.53995612,359,0.54446829,6.77742118,,,,,,2025-02-01,2025-08-04
"Add To Cart_Father's Day_11/06","Madhya Pradesh",1520,1751,1.15197368,INR,193.74589546,73,2.65405336,73,2.65405336,4.16904626,,,,,,2025-02-01,2025-08-04
TeeFusion_Sales_Scaling,Delhi,1360,1630,1.19852941,INR,189.41173376,22,8.60962426,40,4.73529334,2.45398773,,,,,,2025-02-01,2025-08-04
"Flash Sales_Sales Campaign_22/05/2025 – Copy",Maharashtra,2568,3071,1.19587227,INR,184.53,25,7.3812,33,5.59181818,1.07456854,,,,,,2025-02-01,2025-08-04
"Traffic Campaign_Model_14/05/2025",Rajasthan,4320,5075,1.17476852,INR,183.54874071,332,0.55285765,324,0.56650846,6.38423645,,,,,,2025-02-01,2025-08-04
"Add To Cart_Father's Day_11/06",Rajasthan,1920,2369,1.23385417,INR,182.56440098,72,2.53561668,75,2.43419201,3.16589278,,,,,,2025-02-01,2025-08-04
"Traffic Campaign_Model_14/05/2025","Tamil Nadu",2544,3143,1.23545597,INR,181.71945089,385,0.47199857,369,0.49246464,11.74037544,,,,,,2025-02-01,2025-08-04
TeeFusion_Sales_Scaling,"West Bengal",1224,1509,1.23284314,INR,179.52007652,12,14.96000638,24,7.48000319,1.59045726,,,,,,2025-02-01,2025-08-04
"Traffic Campaign_Model_14/05/2025","Madhya Pradesh",3952,4624,1.17004049,INR,170.65374694,307,0.5558754,308,0.55407061,6.66089965,,,,,,2025-02-01,2025-08-04
"Traffic_Website Visit_28/06/25",Delhi,2032,3056,1.50393701,INR,170.23218627,453,0.37578849,450,0.37829375,14.72513089,,,,,,2025-02-01,2025-08-04
"Add To Cart_Normal_11/06","Uttar Pradesh",1248,1415,1.1338141,INR,168.77082628,48,3.51605888,55,3.06856048,3.8869258,,,,,,2025-02-01,2025-08-04
"Traffic Campaign_Model_14/05/2025",Maharashtra,3552,3946,1.11092342,INR,167.91481028,307,0.54695378,296,0.56727976,7.50126711,,,,,,2025-02-01,2025-08-04
"Updated Sales Campaign_24/06","West Bengal",1337,1484,1.10994764,INR,167.43767636,27,6.20139542,39,4.29327375,2.62803235,,,,,,2025-02-01,2025-08-04
"Traffic Campaign_Model_14/05/2025",Kerala,2560,3043,1.18867188,INR,166.69528374,328,0.50821733,309,0.53946694,10.15445284,,,,,,2025-02-01,2025-08-04
"Add To Cart_Father's Day_11/06",Kerala,472,659,1.39618644,INR,162.98178363,43,3.79027404,43,3.79027404,6.52503794,,,,,,2025-02-01,2025-08-04
"Updated Sales Campaign_24/06",Gujarat,1321,1331,1.00757002,INR,157.38319577,17,9.25783505,22,7.15378163,1.65289256,,,,,,2025-02-01,2025-08-04
"Traffic Campaign_Flash Sale2_05/05/2025",Karnataka,5268,8734,1.6579347,INR,155.52343335,357,0.43563987,345,0.45079256,3.95008015,,,,,,2025-02-01,2025-08-04
"Traffic_Website Visit_28/06/25",Odisha,2160,2890,1.33796296,INR,149.15067713,358,0.416622,350,0.42614479,12.11072664,,,,,,2025-02-01,2025-08-04
"Traffic_Website Visit_28/06/25",Jharkhand,1984,2863,1.44304435,INR,147.71057404,347,0.42567889,339,0.43572441,11.84072651,,,,,,2025-02-01,2025-08-04
"Add to Cart_28/06",Haryana,832,1166,1.40144231,INR,147.63683847,39,3.78555996,57,2.59011997,4.88850772,,,,,,2025-02-01,2025-08-04
"Add To Cart_Father's Day_11/06",Haryana,928,1024,1.10344828,INR,146.90963547,33,4.45180714,36,4.08082321,3.515625,,,,,,2025-02-01,2025-08-04
TeeFusion_Sales_Scaling,Gujarat,1136,1411,1.24207746,INR,144.60422677,20,7.23021134,30,4.82014089,2.12615167,,,,,,2025-02-01,2025-08-04
Influencer_Viti_Sales_05/07,"West Bengal",154,281,1.82467532,INR,144.2,34,4.24117647,35,4.12,12.45551601,,,,,,2025-02-01,2025-08-04
"Flash Sales_Sales Campaign_22/05/2025 – Copy","West Bengal",4496,4748,1.05604982,INR,143.99,33,4.36333333,63,2.28555556,1.32687447,,,,,,2025-02-01,2025-08-04
"Traffic Campaign_Flash Sale2_05/05/2025",Telangana,6296,9266,1.47172808,INR,141.40229959,339,0.41711593,317,0.44606404,3.42110943,,,,,,2025-02-01,2025-08-04
"Traffic_Website Visit_28/06/25","Jammu and Kashmir",2160,2916,1.35,INR,140.79007863,370,0.38051373,360,0.39108355,12.34567901,,,,,,2025-02-01,2025-08-04
"Traffic Campaign_Flash Sale2_05/05/2025","Andhra Pradesh",8995,12283,1.36553641,INR,135.47242847,372,0.36417319,345,0.39267371,2.80876007,,,,,,2025-02-01,2025-08-04
TeeFusion_Sales_Scaling,Karnataka,908,1149,1.2654185,INR,134.97261311,16,8.43578832,26,5.19125435,2.26283725,,,,,,2025-02-01,2025-08-04
"Add to Cart_28/06",Telangana,688,1236,1.79651163,INR,134.5853499,42,3.20441309,63,2.1362754,5.09708738,,,,,,2025-02-01,2025-08-04
"Add To Cart_Father's Day_11/06",Telangana,728,998,1.37087912,INR,132.86775868,38,3.49651997,41,3.24067704,4.10821643,,,,,,2025-02-01,2025-08-04
Influencer_Viti_Sales_05/07,Maharashtra,125,223,1.784,INR,132.71,10,13.271,12,11.05916667,5.38116592,,,,,,2025-02-01,2025-08-04
"Campaign 1 - OS and CT - JAN 27 - Advantage+ shopping campaign - Copy",Maharashtra,216,278,1.28703704,INR,127.07091885,2,63.53545943,3,42.35697295,1.07913669,,,,,,2025-02-01,2025-08-04
"Add to Cart_28/06",Kerala,632,1080,1.70886076,INR,126.75445676,37,3.42579613,54,2.34730475,5,,,,,,2025-02-01,2025-08-04
"Traffic Campaign_Model_14/05/2025",Jharkhand,3520,4007,1.13835227,INR,125.50127653,227,0.55286906,230,0.54565772,5.73995508,,,,,,2025-02-01,2025-08-04
"Traffic Campaign_Flash Sale2_05/05/2025",Jharkhand,7710,9894,1.28326848,INR,125.32129317,302,0.41497117,289,0.43363769,2.9209622,,,,,,2025-02-01,2025-08-04
TeeFusion_Sales_Scaling,Telangana,968,1173,1.21177686,INR,123.45068274,15,8.23004552,21,5.87860394,1.79028133,,,,,,2025-02-01,2025-08-04
"Updated Sales Campaign_24/06","Uttar Pradesh",1573,1697,1.07883026,INR,122.83908796,17,7.2258287,27,4.54959585,1.59104302,,,,,,2025-02-01,2025-08-04
"Instagram post: Flex your fandom and win a...",Maharashtra,10625,11864,1.11661176,INR,122.22588045,95,1.28658822,94,1.30027532,0.79231288,,,,,,2025-02-01,2025-08-04
"Traffic_Website Visit_28/06/25",Haryana,1584,2388,1.50757576,INR,121.6087055,278,0.43744139,281,0.43277119,11.76716918,,,,,,2025-02-01,2025-08-04
"Add To Cart_Father's Day_11/06","Punjab region",880,1079,1.22613636,INR,121.29621206,37,3.278276,40,3.0324053,3.70713624,,,,,,2025-02-01,2025-08-04
"Traffic Campaign_Model_14/05/2025",Odisha,3056,3396,1.11125654,INR,120.78310826,236,0.51179283,231,0.5228706,6.80212014,,,,,,2025-02-01,2025-08-04
"Traffic_Website Visit_28/06/25",Uttarakhand,1536,2278,1.48307292,INR,117.79843274,322,0.36583364,331,0.3558865,14.53028973,,,,,,2025-02-01,2025-08-04
"Traffic Campaign_Flash Sale2_05/05/2025",Chhattisgarh,6489,8541,1.31622746,INR,115.3209173,286,0.40321999,277,0.416321,3.24317996,,,,,,2025-02-01,2025-08-04
TeeFusion_Sales_Scaling,"Uttar Pradesh",980,1064,1.08571429,INR,114.29914951,14,8.16422496,25,4.57196598,2.34962406,,,,,,2025-02-01,2025-08-04
"Add to Cart_28/06",Odisha,432,775,1.79398148,INR,112.8428701,42,2.686735,52,2.17005519,6.70967742,,,,,,2025-02-01,2025-08-04
"Traffic_Website Visit_28/06/25","Himachal Pradesh",1312,2007,1.52972561,INR,112.72806977,294,0.38342881,285,0.39553709,14.20029895,,,,,,2025-02-01,2025-08-04
"Add To Cart_Father's Day_11/06",Odisha,632,795,1.25791139,INR,109.70466278,33,3.32438372,35,3.13441894,4.40251572,,,,,,2025-02-01,2025-08-04
"Add To Cart_Father's Day_11/06","Andhra Pradesh",696,893,1.28304598,INR,107.70439543,33,3.26376956,36,2.99178876,4.03135498,,,,,,2025-02-01,2025-08-04
"Add to Cart_28/06","Andhra Pradesh",560,945,1.6875,INR,105.10198723,36,2.91949965,44,2.38868153,4.65608466,,,,,,2025-02-01,2025-08-04
"Traffic Campaign_Model_14/05/2025","Punjab region",2320,2552,1.1,INR,103.21992683,182,0.56714246,176,0.58647686,6.89655172,,,,,,2025-02-01,2025-08-04
"Instagram post: Flex your fandom and win a...",Rajasthan,11394,12826,1.12568018,INR,102.63333485,93,1.10358425,91,1.12783884,0.70949634,,,,,,2025-02-01,2025-08-04
"Updated Sales Campaign_24/06",Karnataka,604,679,1.12417219,INR,100.89566022,17,5.93503884,21,4.80455525,3.09278351,,,,,,2025-02-01,2025-08-04
"Traffic_Website Visit_28/06/25","Andhra Pradesh",1232,1713,1.39042208,INR,98.9170811,241,0.41044432,230,0.43007427,13.42673672,,,,,,2025-02-01,2025-08-04
"Traffic Campaign_Flash Sale2_05/05/2025",Haryana,5011,8746,1.74536021,INR,97.31019011,265,0.36720826,253,0.38462526,2.89275097,,,,,,2025-02-01,2025-08-04
"Add to Cart_28/06",Jharkhand,520,899,1.72884615,INR,96.97105987,31,3.12809871,40,2.4242765,4.44938821,,,,,,2025-02-01,2025-08-04
"Add To Cart_Normal_11/06",Delhi,562,638,1.13523132,INR,96.54619323,5,19.30923865,13,7.42663025,2.03761755,,,,,,2025-02-01,2025-08-04
"Traffic_Website Visit_28/06/25",Chhattisgarh,1424,1838,1.29073034,INR,96.09687921,193,0.49791129,191,0.50312502,10.39173014,,,,,,2025-02-01,2025-08-04
"Add To Cart_Father's Day_11/06",Assam,528,701,1.32765152,INR,95.96282609,41,2.34055673,45,2.13250725,6.41940086,,,,,,2025-02-01,2025-08-04
TeeFusion_Sales_Scaling,"Tamil Nadu",624,703,1.12660256,INR,94.03575461,11,8.54870496,19,4.94925024,2.7027027,,,,,,2025-02-01,2025-08-04
"Add To Cart_Father's Day_11/06",Jharkhand,936,1057,1.1292735,INR,93.05243709,40,2.32631093,45,2.06783194,4.25733207,,,,,,2025-02-01,2025-08-04
"Traffic Campaign_Model_14/05/2025",Karnataka,1328,1926,1.4503012,INR,92.57405989,168,0.55103607,166,0.55767506,8.61889927,,,,,,2025-02-01,2025-08-04
"Instagram post: Flex your fandom and win a...","West Bengal",8545,10672,1.2489175,INR,91.17184569,68,1.34076244,68,1.34076244,0.63718141,,,,,,2025-02-01,2025-08-04
"Instagram post: Flex your fandom and win a...","Madhya Pradesh",10209,12253,1.2002155,INR,89.78166507,80,1.12227081,77,1.16599565,0.62841753,,,,,,2025-02-01,2025-08-04
"Traffic_Website Visit_28/06/25",Telangana,1136,1562,1.375,INR,86.7262084,229,0.37871707,231,0.37543813,14.78873239,,,,,,2025-02-01,2025-08-04
"Instagram post: Flex your fandom and win a...",Gujarat,7809,10074,1.29004994,INR,84.69100365,77,1.09988316,77,1.09988316,0.76434386,,,,,,2025-02-01,2025-08-04
"Traffic Campaign_Model_14/05/2025","Jammu and Kashmir",1984,2356,1.1875,INR,83.5175759,142,0.58815194,135,0.61864871,5.73005093,,,,,,2025-02-01,2025-08-04
"Flash Sales_Sales Campaign_22/05/2025 – Copy","Uttar Pradesh",5384,6408,1.19019316,INR,83.49,51,1.63705882,69,1.21,1.07677903,,,,,,2025-02-01,2025-08-04
"Updated Sales Campaign_24/06",Delhi,787,787,1,INR,82.99206865,11,7.54473351,16,5.18700429,2.03303685,,,,,,2025-02-01,2025-08-04
TeeFusion_Sales_Scaling,Haryana,232,242,1.04310345,INR,82.60383932,4,20.65095983,7,11.80054847,2.89256198,,,,,,2025-02-01,2025-08-04
"Campaign 1 - OS and CT - JAN 27 - Advantage+ shopping campaign - Copy","West Bengal",280,323,1.15357143,INR,81.21945399,2,40.609727,5,16.2438908,1.54798762,,,,,,2025-02-01,2025-08-04
"Add to Cart_28/06",Assam,464,824,1.77586207,INR,80.12913899,32,2.50403559,36,2.22580942,4.36893204,,,,,,2025-02-01,2025-08-04
TeeFusion_Sales_Scaling,Rajasthan,636,784,1.2327044,INR,80.08341705,8,10.01042713,23,3.4818877,2.93367347,,,,,,2025-02-01,2025-08-04
Influencer_Viti_Sales_05/07,"Uttar Pradesh",128,194,1.515625,INR,78.61,27,2.91148148,31,2.53580645,15.97938144,,,,,,2025-02-01,2025-08-04
"Add To Cart_Normal_11/06",Gujarat,742,877,1.1819407,INR,78.24501925,11,7.11318357,18,4.34694551,2.05245154,,,,,,2025-02-01,2025-08-04
"Add To Cart_Normal_11/06","West Bengal",782,968,1.23785166,INR,77.71498525,23,3.3789124,30,2.59049951,3.09917355,,,,,,2025-02-01,2025-08-04
"Instagram post: Flex your fandom and win a...",Bihar,9185,10438,1.13641807,INR,75.27978088,59,1.27592849,59,1.27592849,0.56524238,,,,,,2025-02-01,2025-08-04
"Traffic Campaign_Model_14/05/2025",Haryana,1632,2096,1.28431373,INR,73.62141789,141,0.52213772,140,0.52586727,6.67938931,,,,,,2025-02-01,2025-08-04
"Traffic Campaign_Flash Sale2_05/05/2025",Odisha,3919,6848,1.74738454,INR,72.27407323,200,0.36137037,193,0.37447706,2.81834112,,,,,,2025-02-01,2025-08-04
"Add To Cart_Normal_11/06",Bihar,446,514,1.15246637,INR,69.58446369,15,4.63896425,18,3.86580354,3.50194553,,,,,,2025-02-01,2025-08-04
"Add To Cart_Normal_11/06","Madhya Pradesh",462,546,1.18181818,INR,68.38438671,22,3.10838121,27,2.53275506,4.94505495,,,,,,2025-02-01,2025-08-04
"Add To Cart_Normal_11/06",Rajasthan,650,724,1.11384615,INR,66.88429048,17,3.93437003,21,3.18496621,2.90055249,,,,,,2025-02-01,2025-08-04
"Add To Cart_Father's Day_11/06",Chhattisgarh,416,577,1.38701923,INR,64.52862469,31,2.08156854,32,2.01651952,5.54592721,,,,,,2025-02-01,2025-08-04
"Traffic Campaign_Model_14/05/2025",Chhattisgarh,1408,1661,1.1796875,INR,64.38500375,110,0.58531822,111,0.58004508,6.68272125,,,,,,2025-02-01,2025-08-04
"Add To Cart_Father's Day_11/06","Jammu and Kashmir",344,420,1.22093023,INR,62.82839744,19,3.30675776,20,3.14141987,4.76190476,,,,,,2025-02-01,2025-08-04
"Traffic Campaign_Flash Sale2_05/05/2025",Kerala,3341,4722,1.4133493,INR,62.50486183,149,0.41949572,143,0.43709694,3.02837781,,,,,,2025-02-01,2025-08-04
"Campaign 1 - OS and CT - JAN 27 - Advantage+ shopping campaign - Copy","Uttar Pradesh",224,283,1.26339286,INR,62.0114079,3,20.6704693,4,15.50285198,1.41342756,,,,,,2025-02-01,2025-08-04
Influencer_Viti_Sales_05/07,Delhi,74,114,1.54054054,INR,60.43,7,8.63285714,8,7.55375,7.01754386,,,,,,2025-02-01,2025-08-04
"Add to Cart_28/06",Chhattisgarh,344,620,1.80232558,INR,59.81682231,29,2.06264905,41,1.45894689,6.61290323,,,,,,2025-02-01,2025-08-04
"Traffic Campaign_Flash Sale2_05/05/2025","Jammu and Kashmir",3341,5642,1.68871595,INR,59.10774923,130,0.45467499,123,0.48055081,2.18007799,,,,,,2025-02-01,2025-08-04
Influencer_Viti_Sales_05/07,Rajasthan,54,77,1.42592593,INR,58.61,9,6.51222222,11,5.32818182,14.28571429,,,,,,2025-02-01,2025-08-04
"Add to Cart_28/06",Uttarakhand,288,436,1.51388889,INR,58.15663296,18,3.23092405,23,2.52854926,5.27522936,,,,,,2025-02-01,2025-08-04
"Traffic Campaign_Flash Sale2_05/05/2025",Uttarakhand,3469,4918,1.41769963,INR,56.80615518,171,0.33219974,162,0.35065528,3.29402196,,,,,,2025-02-01,2025-08-04
"Flash Sales_Sales Campaign_22/05/2025 – Copy",Rajasthan,2312,2641,1.14230104,INR,56.07,24,2.33625,32,1.7521875,1.21166225,,,,,,2025-02-01,2025-08-04
"Traffic Campaign_Model_14/05/2025","Andhra Pradesh",832,1093,1.31370192,INR,55.22855857,114,0.48446104,109,0.50668402,9.97255261,,,,,,2025-02-01,2025-08-04
"Updated Sales Campaign_24/06",Bihar,953,1114,1.16894019,INR,52.73840719,22,2.39720033,29,1.81856577,2.6032316,,,,,,2025-02-01,2025-08-04
"Updated Sales Campaign_24/06","Punjab region",441,441,1,INR,52.28730886,14,3.73480778,16,3.2679568,3.62811791,,,,,,2025-02-01,2025-08-04
Influencer_Viti_Sales_05/07,Bihar,59,78,1.3220339,INR,51.93,10,5.193,10,5.193,12.82051282,,,,,,2025-02-01,2025-08-04
Influencer_Viti_Sales_05/07,Kerala,34,47,1.38235294,INR,50.91,19,2.67947368,18,2.82833333,38.29787234,,,,,,2025-02-01,2025-08-04
"Traffic Campaign_Flash Sale2_05/05/2025",Assam,3791,5154,1.35953574,INR,50.57476519,123,0.41117695,117,0.43226295,2.27008149,,,,,,2025-02-01,2025-08-04
"Updated Sales Campaign_24/06","Tamil Nadu",584,593,1.01541096,INR,50.13206128,12,4.17767177,16,3.13325383,2.69814503,,,,,,2025-02-01,2025-08-04
"Add To Cart_Normal_11/06",Haryana,302,327,1.08278146,INR,49.30316269,5,9.86063254,7,7.04330896,2.14067278,,,,,,2025-02-01,2025-08-04
"Traffic Campaign_Flash Sale2_05/05/2025",Unknown,1992,2849,1.43022088,INR,49.26818342,106,0.46479418,103,0.47833188,3.61530362,,,,,,2025-02-01,2025-08-04
"Updated Sales Campaign_24/06","Madhya Pradesh",641,662,1.03276131,INR,49.25993783,14,3.51856699,19,2.59262831,2.87009063,,,,,,2025-02-01,2025-08-04
"Add To Cart_Normal_11/06",Karnataka,362,446,1.2320442,INR,49.10314986,3,16.36771662,7,7.01473569,1.56950673,,,,,,2025-02-01,2025-08-04
"Traffic Campaign_Model_14/05/2025","Himachal Pradesh",1328,1424,1.07228916,INR,49.09094138,91,0.53946089,87,0.56426369,6.10955056,,,,,,2025-02-01,2025-08-04
"Add To Cart_Father's Day_11/06",Uttarakhand,400,474,1.185,INR,48.08642708,14,3.43474479,15,3.20576181,3.16455696,,,,,,2025-02-01,2025-08-04
"Flash Sales_Sales Campaign_22/05/2025 – Copy",Bihar,3864,4201,1.08721532,INR,47.7,33,1.44545455,43,1.10930233,1.02356582,,,,,,2025-02-01,2025-08-04
"Updated Sales Campaign_24/06",Rajasthan,665,728,1.09473684,INR,47.47559332,9,5.27506592,10,4.74755933,1.37362637,,,,,,2025-02-01,2025-08-04
Influencer_Viti_Sales_05/07,"Madhya Pradesh",48,66,1.375,INR,47.4,7,6.77142857,7,6.77142857,10.60606061,,,,,,2025-02-01,2025-08-04
"Traffic Campaign_Model_14/05/2025",Manipur,1120,1348,1.20357143,INR,47.18168261,88,0.53615548,86,0.54862422,6.37982196,,,,,,2025-02-01,2025-08-04
"Traffic Campaign_Model_14/05/2025",Tripura,1184,1435,1.21199324,INR,46.62189994,82,0.56855976,80,0.58277375,5.57491289,,,,,,2025-02-01,2025-08-04
"Traffic_Website Visit_28/06/25",Tripura,624,1025,1.64262821,INR,45.46325454,90,0.50514727,93,0.4888522,9.07317073,,,,,,2025-02-01,2025-08-04
"Traffic Campaign_Model_14/05/2025",Uttarakhand,1120,1284,1.14642857,INR,45.25243161,73,0.61989632,80,0.5656554,6.2305296,,,,,,2025-02-01,2025-08-04
"Raksha Badhan_Sales","Uttar Pradesh",174,191,1.09770115,INR,44.89859583,51,0.88036462,52,0.86343454,27.22513089,,,,,,2025-02-01,2025-08-04
"Traffic_Website Visit_28/06/25",Puducherry,384,719,1.87239583,INR,44.63319512,119,0.37506887,118,0.37824742,16.41168289,,,,,,2025-02-01,2025-08-04
"Flash Sales_Sales Campaign_22/05/2025 – Copy",Gujarat,2144,2430,1.13339552,INR,44.29,14,3.16357143,23,1.92565217,0.94650206,,,,,,2025-02-01,2025-08-04
"Add To Cart_Father's Day_11/06","Himachal Pradesh",256,256,1,INR,43.31578945,17,2.54798761,21,2.06265664,8.203125,,,,,,2025-02-01,2025-08-04
TeeFusion_Sales_Scaling,"Madhya Pradesh",508,571,1.12401575,INR,42.0470445,4,10.51176112,5,8.4094089,0.87565674,,,,,,2025-02-01,2025-08-04
"Updated Sales Campaign_24/06",Telangana,396,458,1.15656566,INR,42.02231571,9,4.66914619,13,3.23248582,2.83842795,,,,,,2025-02-01,2025-08-04
Influencer_Viti_Sales_05/07,Gujarat,58,78,1.34482759,INR,41.84,8,5.23,7,5.97714286,8.97435897,,,,,,2025-02-01,2025-08-04
"Instagram post: Flex your fandom and win a...","Tamil Nadu",2592,2751,1.06134259,INR,41.53539657,25,1.66141586,25,1.66141586,0.90876045,,,,,,2025-02-01,2025-08-04
"Instagram post: Flex your fandom and win a...",Haryana,3232,3788,1.1720297,INR,41.46538748,39,1.06321506,39,1.06321506,1.02956705,,,,,,2025-02-01,2025-08-04
"Instagram post: Flex your fandom and win a...",Chhattisgarh,4321,5310,1.2288822,INR,40.25523024,33,1.21985546,33,1.21985546,0.62146893,,,,,,2025-02-01,2025-08-04
"Traffic_Website Visit_28/06/25",Manipur,576,942,1.63541667,INR,39.57283287,99,0.39972558,95,0.41655614,10.08492569,,,,,,2025-02-01,2025-08-04
"Campaign 1 - OS and CT - JAN 27 - Advantage+ shopping campaign - Copy",Chhattisgarh,31,40,1.29032258,INR,39.44545157,1,39.44545157,1,39.44545157,2.5,,,,,,2025-02-01,2025-08-04
"Flash Sales_Sales Campaign_22/05/2025 – Copy","Punjab region",1296,1369,1.05632716,INR,39.14,8,4.8925,14,2.79571429,1.02264427,,,,,,2025-02-01,2025-08-04
"Instagram post: Flex your fandom and win a...",Karnataka,3392,3817,1.12529481,INR,38.41499115,42,0.91464265,40,0.96037478,1.04794341,,,,,,2025-02-01,2025-08-04
"Add To Cart_Normal_11/06",Telangana,318,371,1.16666667,INR,37.03237555,6,6.17206259,7,5.29033936,1.88679245,,,,,,2025-02-01,2025-08-04
"Campaign 1 - OS and CT - JAN 27 - Advantage+ shopping campaign - Copy",Karnataka,81,132,1.62962963,INR,36.78710596,,,0,0,0,,,,,,2025-02-01,2025-08-04
"Traffic Campaign_Flash Sale2_05/05/2025",Delhi,2056,3095,1.50535019,INR,36.66469464,83,0.44174331,81,0.45265055,2.61712439,,,,,,2025-02-01,2025-08-04
"New Sales Ad_02/08/25","West Bengal",91,115,1.26373626,INR,36.2003435,14,2.58573882,15,2.41335623,13.04347826,,,,,,2025-02-01,2025-08-04
Influencer_Viti_Sales_05/07,Jharkhand,27,40,1.48148148,INR,36.02,3,12.00666667,3,12.00666667,7.5,,,,,,2025-02-01,2025-08-04
Influencer_Viti_Sales_05/07,Karnataka,52,82,1.57692308,INR,35.24,6,5.87333333,10,3.524,12.19512195,,,,,,2025-02-01,2025-08-04
"Updated Sales Campaign_24/06",Haryana,372,388,1.04301075,INR,34.9350597,7,4.99072281,9,3.8816733,2.31958763,,,,,,2025-02-01,2025-08-04
"Instagram post: Flex your fandom and win a...",Delhi,672,1194,1.77678571,INR,34.26445188,26,1.31786353,25,1.37057808,2.09380235,,,,,,2025-02-01,2025-08-04
"Raksha Badhan_Sales","West Bengal",94,112,1.19148936,INR,33.93869128,14,2.42419223,14,2.42419223,12.5,,,,,,2025-02-01,2025-08-04
"Traffic_Website Visit_28/06/25",Meghalaya,608,847,1.39309211,INR,33.93242909,85,0.39920505,84,0.40395749,9.91735537,,,,,,2025-02-01,2025-08-04
"New Sales Ad_02/08/25","Uttar Pradesh",115,124,1.07826087,INR,33.89203216,26,1.3035397,27,1.25526045,21.77419355,,,,,,2025-02-01,2025-08-04
"Traffic_Website Visit_28/06/25",Goa,272,559,2.05514706,INR,33.29238328,76,0.43805767,78,0.42682543,13.95348837,,,,,,2025-02-01,2025-08-04
TeeFusion_Sales_Scaling,Chandigarh,248,294,1.18548387,INR,33.23556824,4,8.30889206,8,4.15444603,2.72108844,,,,,,2025-02-01,2025-08-04
"Add To Cart_Normal_11/06",Jharkhand,168,194,1.1547619,INR,33.11212407,11,3.0101931,10,3.31121241,5.15463918,,,,,,2025-02-01,2025-08-04
"Add to Cart_28/06","Jammu and Kashmir",184,280,1.52173913,INR,32.53371058,12,2.71114255,13,2.50259312,4.64285714,,,,,,2025-02-01,2025-08-04
"Traffic_Website Visit_28/06/25",Sikkim,448,717,1.60044643,INR,31.79227589,82,0.38771068,80,0.39740345,11.15760112,,,,,,2025-02-01,2025-08-04
"Updated Sales Campaign_24/06",Odisha,280,303,1.08214286,INR,31.59693204,6,5.26615534,8,3.94961651,2.64026403,,,,,,2025-02-01,2025-08-04
"Flash Sales_Sales Campaign_22/05/2025 – Copy",Delhi,800,955,1.19375,INR,31.58,7,4.51142857,8,3.9475,0.83769634,,,,,,2025-02-01,2025-08-04
"Add to Cart_28/06",Tripura,48,84,1.75,INR,31.3335737,3,10.44452457,4,7.83339342,4.76190476,,,,,,2025-02-01,2025-08-04
"Updated Sales Campaign_24/06","Andhra Pradesh",336,377,1.12202381,INR,30.1834906,3,10.06116353,6,5.03058177,1.59151194,,,,,,2025-02-01,2025-08-04
"Flash Sales_Sales Campaign_22/05/2025 – Copy","Tamil Nadu",960,1403,1.46145833,INR,30.13,5,6.026,9,3.34777778,0.64148254,,,,,,2025-02-01,2025-08-04
"Updated Sales Campaign_24/06",Kerala,334,334,1,INR,29.67224583,9,3.2969162,12,2.47268715,3.59281437,,,,,,2025-02-01,2025-08-04
"Traffic Campaign_Flash Sale2_05/05/2025","Himachal Pradesh",1799,2695,1.49805447,INR,29.3076342,65,0.45088668,65,0.45088668,2.41187384,,,,,,2025-02-01,2025-08-04
"Add To Cart_Normal_11/06","Andhra Pradesh",226,244,1.07964602,INR,28.96185784,3,9.65395261,4,7.24046446,1.63934426,,,,,,2025-02-01,2025-08-04
"Campaign 1 - OS and CT - JAN 27 - Advantage+ shopping campaign - Copy",Assam,101,110,1.08910891,INR,28.64217487,2,14.32108743,2,14.32108743,1.81818182,,,,,,2025-02-01,2025-08-04
"Instagram post: Flex your fandom and win a...",Jharkhand,3488,3863,1.10751147,INR,28.6337203,25,1.14534881,25,1.14534881,0.64716542,,,,,,2025-02-01,2025-08-04
"Instagram post: Flex your fandom and win a...",Odisha,3136,3782,1.2059949,INR,28.5837138,18,1.5879841,18,1.5879841,0.47593866,,,,,,2025-02-01,2025-08-04
"Traffic Campaign_Model_14/05/2025",Delhi,640,680,1.0625,INR,28.52892419,43,0.66346335,43,0.66346335,6.32352941,,,,,,2025-02-01,2025-08-04
"Instagram post: Flex your fandom and win a...",Telangana,2080,2616,1.25769231,INR,28.16365922,28,1.00584497,28,1.00584497,1.07033639,,,,,,2025-02-01,2025-08-04
"Instagram post: Flex your fandom and win a...","Andhra Pradesh",2336,3200,1.36986301,INR,28.04364363,25,1.12174575,25,1.12174575,0.78125,,,,,,2025-02-01,2025-08-04
"Traffic Campaign_Model_14/05/2025",Telangana,579,579,1,INR,27.88917256,49,0.56916679,45,0.61975939,7.77202073,,,,,,2025-02-01,2025-08-04
Influencer_Viti_Sales_05/07,"Punjab region",40,51,1.275,INR,27.79,10,2.779,12,2.31583333,23.52941176,,,,,,2025-02-01,2025-08-04
"Updated Sales Campaign_24/06",Jharkhand,312,341,1.09294872,INR,26.83533854,5,5.36706771,5,5.36706771,1.46627566,,,,,,2025-02-01,2025-08-04
"Flash Sales_Sales Campaign_22/05/2025 – Copy","Madhya Pradesh",1872,1972,1.0534188,INR,26.03,13,2.00230769,17,1.53117647,0.86206897,,,,,,2025-02-01,2025-08-04
"Campaign 1 - OS and CT - JAN 27 - Advantage+ shopping campaign - Copy",Gujarat,177,218,1.23163842,INR,25.84391633,2,12.92195817,2,12.92195817,0.91743119,,,,,,2025-02-01,2025-08-04
"Flash Sales_Sales Campaign_22/05/2025 – Copy",Karnataka,1168,1318,1.12842466,INR,25.62,8,3.2025,13,1.97076923,0.98634294,,,,,,2025-02-01,2025-08-04
"Add To Cart_Father's Day_11/06",Tripura,64,75,1.171875,INR,25.36338999,4,6.3408475,4,6.3408475,5.33333333,,,,,,2025-02-01,2025-08-04
"Add To Cart_Father's Day_11/06",Sikkim,16,65,4.0625,INR,25.26337662,2,12.63168831,3,8.42112554,4.61538462,,,,,,2025-02-01,2025-08-04
"Instagram post: Flex your fandom and win a...","Punjab region",1504,2157,1.43417553,INR,24.9732447,12,2.08110373,12,2.08110373,0.55632823,,,,,,2025-02-01,2025-08-04
"Campaign 1 - OS and CT - JAN 27 - Advantage+ shopping campaign - Copy",Delhi,137,161,1.17518248,INR,24.80456316,2,12.40228158,2,12.40228158,1.24223602,,,,,,2025-02-01,2025-08-04
"Add to Cart_28/06",Chandigarh,64,194,3.03125,INR,23.16264178,4,5.79066044,5,4.63252836,2.57731959,,,,,,2025-02-01,2025-08-04
"Raksha Badhan_Sales",Maharashtra,110,124,1.12727273,INR,22.89653605,16,1.4310335,16,1.4310335,12.90322581,,,,,,2025-02-01,2025-08-04
"Add To Cart_Normal_11/06",Odisha,156,206,1.32051282,INR,22.78146138,7,3.25449448,10,2.27814614,4.85436893,,,,,,2025-02-01,2025-08-04
"Add To Cart_Normal_11/06","Punjab region",262,273,1.04198473,INR,22.63145176,4,5.65786294,5,4.52629035,1.83150183,,,,,,2025-02-01,2025-08-04
Influencer_Viti_Sales_05/07,Haryana,32,39,1.21875,INR,22.19,6,3.69833333,8,2.77375,20.51282051,,,,,,2025-02-01,2025-08-04
"Flash Sales_Sales Campaign_22/05/2025 – Copy",Haryana,944,1124,1.19067797,INR,22.12,3,7.37333333,5,4.424,0.44483986,,,,,,2025-02-01,2025-08-04
"Add to Cart_28/06","Himachal Pradesh",112,213,1.90178571,INR,22.09251972,6,3.68208662,7,3.15607425,3.28638498,,,,,,2025-02-01,2025-08-04
"Add To Cart_Father's Day_11/06",Mizoram,47,47,1,INR,21.46286866,1,21.46286866,1,21.46286866,2.12765957,,,,,,2025-02-01,2025-08-04
"Instagram post: Flex your fandom and win a...",Uttarakhand,2400,2696,1.12333333,INR,21.4127821,18,1.18959901,18,1.18959901,0.66765579,,,,,,2025-02-01,2025-08-04
"Add To Cart_Normal_11/06","Tamil Nadu",288,313,1.08680556,INR,21.26136387,6,3.54356064,5,4.25227277,1.59744409,,,,,,2025-02-01,2025-08-04
Influencer_Viti_Sales_05/07,"Andhra Pradesh",20,26,1.3,INR,20.76,2,10.38,2,10.38,7.69230769,,,,,,2025-02-01,2025-08-04
"Traffic_Website Visit_28/06/25",Mizoram,400,489,1.2225,INR,20.40146046,48,0.42503043,48,0.42503043,9.81595092,,,,,,2025-02-01,2025-08-04
"Flash Sales_Sales Campaign_22/05/2025 – Copy",Assam,1240,1447,1.16693548,INR,20.38,15,1.35866667,25,0.8152,1.72771251,,,,,,2025-02-01,2025-08-04
"New Sales Ad_02/08/25",Maharashtra,80,101,1.2625,INR,19.83140525,16,1.23946283,12,1.6526171,11.88118812,,,,,,2025-02-01,2025-08-04
"Traffic Campaign_Model_14/05/2025",Meghalaya,768,775,1.00911458,INR,19.79231601,34,0.58212694,37,0.53492746,4.77419355,,,,,,2025-02-01,2025-08-04
"Add To Cart_Normal_11/06",Assam,180,230,1.27777778,INR,19.54125353,7,2.79160765,9,2.17125039,3.91304348,,,,,,2025-02-01,2025-08-04
"Flash Sales_Sales Campaign_22/05/2025 – Copy",Telangana,856,998,1.16588785,INR,18.82,4,4.705,8,2.3525,0.80160321,,,,,,2025-02-01,2025-08-04
"Traffic Campaign_Flash Sale2_05/05/2025",Puducherry,771,1021,1.32425422,INR,18.54341053,41,0.45227831,41,0.45227831,4.01567091,,,,,,2025-02-01,2025-08-04
"Add To Cart_Father's Day_11/06",Chandigarh,111,111,1,INR,18.41246095,3,6.13748698,4,4.60311524,3.6036036,,,,,,2025-02-01,2025-08-04
"Flash Sales_Sales Campaign_22/05/2025 – Copy","Andhra Pradesh",712,864,1.21348315,INR,18.37,4,4.5925,8,2.29625,0.92592593,,,,,,2025-02-01,2025-08-04
"Traffic_Website Visit_28/06/25",Chandigarh,240,346,1.44166667,INR,18.13129795,57,0.31809295,57,0.31809295,16.47398844,,,,,,2025-02-01,2025-08-04
Influencer_Viti_Sales_05/07,Odisha,20,23,1.15,INR,17.8,4,4.45,4,4.45,17.39130435,,,,,,2025-02-01,2025-08-04
"Flash Sales_Sales Campaign_22/05/2025 – Copy",Jharkhand,1288,1396,1.08385093,INR,17.58,9,1.95333333,14,1.25571429,1.00286533,,,,,,2025-02-01,2025-08-04
"Campaign 1 - OS and CT - JAN 27 - Advantage+ shopping campaign - Copy",Kerala,87,119,1.36781609,INR,17.47912207,3,5.82637402,4,4.36978052,3.36134454,,,,,,2025-02-01,2025-08-04
"Add To Cart_Normal_11/06",Kerala,194,212,1.09278351,INR,17.37111432,2,8.68555716,4,4.34277858,1.88679245,,,,,,2025-02-01,2025-08-04
"New Sales Ad_02/08/25",Rajasthan,53,65,1.22641509,INR,16.41911892,12,1.36825991,13,1.26300915,20,,,,,,2025-02-01,2025-08-04
"Flash Sales_Sales Campaign_22/05/2025 – Copy",Kerala,768,801,1.04296875,INR,16.41,12,1.3675,12,1.3675,1.49812734,,,,,,2025-02-01,2025-08-04
TeeFusion_Sales_Scaling,"Punjab region",106,106,1,INR,16.31273301,1,16.31273301,2,8.15636651,1.88679245,,,,,,2025-02-01,2025-08-04
"Flash Sales_Sales Campaign_22/05/2025 – Copy",Uttarakhand,576,692,1.20138889,INR,16.25,2,8.125,3,5.41666667,0.43352601,,,,,,2025-02-01,2025-08-04
"New Sales Ad_02/08/25","Madhya Pradesh",38,41,1.07894737,INR,16.23846847,9,1.80427427,9,1.80427427,21.95121951,,,,,,2025-02-01,2025-08-04
"Campaign 1 - OS and CT - JAN 27 - Advantage+ shopping campaign - Copy","Andhra Pradesh",35,46,1.31428571,INR,16.11996792,1,16.11996792,1,16.11996792,2.17391304,,,,,,2025-02-01,2025-08-04
"Raksha Badhan_Sales",Rajasthan,64,73,1.140625,INR,15.79213263,9,1.7546814,9,1.7546814,12.32876712,,,,,,2025-02-01,2025-08-04
"Raksha Badhan_Sales",Gujarat,75,85,1.13333333,INR,15.43228586,12,1.28602382,13,1.18709891,15.29411765,,,,,,2025-02-01,2025-08-04
"Traffic Campaign_Flash Sale2_05/05/2025",Tripura,835,1501,1.79760479,INR,15.29705736,40,0.38242643,38,0.40255414,2.53164557,,,,,,2025-02-01,2025-08-04
"Raksha Badhan_Sales",Bihar,76,82,1.07894737,INR,15.12384577,9,1.68042731,9,1.68042731,10.97560976,,,,,,2025-02-01,2025-08-04
"Flash Sales_Sales Campaign_22/05/2025 – Copy",Manipur,256,351,1.37109375,INR,14.72,6,2.45333333,8,1.84,2.27920228,,,,,,2025-02-01,2025-08-04
"Traffic_Website Visit_28/06/25","Dadra and Nagar Haveli",112,220,1.96428571,INR,14.69105168,42,0.34978694,42,0.34978694,19.09090909,,,,,,2025-02-01,2025-08-04
"Updated Sales Campaign_24/06",Assam,272,276,1.01470588,INR,14.45519543,7,2.06502792,7,2.06502792,2.53623188,,,,,,2025-02-01,2025-08-04
"Instagram post: Flex your fandom and win a...",Assam,1655,1655,1,INR,13.72178283,12,1.1434819,12,1.1434819,0.72507553,,,,,,2025-02-01,2025-08-04
"Flash Sales_Sales Campaign_22/05/2025 – Copy",Odisha,736,812,1.10326087,INR,13.66,5,2.732,9,1.51777778,1.10837438,,,,,,2025-02-01,2025-08-04
"Updated Sales Campaign_24/06",Uttarakhand,208,208,1,INR,13.63319403,2,6.81659701,6,2.272199,2.88461538,,,,,,2025-02-01,2025-08-04
"Add To Cart_Normal_11/06",Chhattisgarh,176,181,1.02840909,INR,13.35085643,8,1.66885705,10,1.33508564,5.52486188,,,,,,2025-02-01,2025-08-04
"Campaign 1 - OS and CT - JAN 27 - Advantage+ shopping campaign - Copy",Tripura,21,24,1.14285714,INR,13.20178402,,,0,0,0,,,,,,2025-02-01,2025-08-04
"Traffic_Website Visit_28/06/25",Nagaland,381,381,1,INR,13.11093856,27,0.48559032,28,0.46824781,7.34908136,,,,,,2025-02-01,2025-08-04
"Traffic_Website Visit_28/06/25","Arunachal Pradesh",128,324,2.53125,INR,13.11093856,32,0.40971683,32,0.40971683,9.87654321,,,,,,2025-02-01,2025-08-04
"Traffic Campaign_Model_14/05/2025",Puducherry,144,229,1.59027778,INR,13.06492779,22,0.59386035,21,0.62213942,9.17030568,,,,,,2025-02-01,2025-08-04
"Traffic Campaign_Model_14/05/2025",Sikkim,416,416,1,INR,12.88499765,21,0.61357132,22,0.58568171,5.28846154,,,,,,2025-02-01,2025-08-04
"Campaign 1 - OS and CT - JAN 27 - Advantage+ shopping campaign - Copy","Tamil Nadu",80,110,1.375,INR,12.84200792,1,12.84200792,2,6.42100396,1.81818182,,,,,,2025-02-01,2025-08-04
"Campaign 1 - OS and CT - JAN 27 - Advantage+ shopping campaign - Copy",Bihar,79,86,1.08860759,INR,12.7520639,,,0,0,0,,,,,,2025-02-01,2025-08-04
"Campaign 1 - OS and CT - JAN 27 - Advantage+ shopping campaign - Copy","Madhya Pradesh",59,80,1.3559322,INR,12.66211987,,,0,0,0,,,,,,2025-02-01,2025-08-04
"Traffic Campaign_Model_14/05/2025","Arunachal Pradesh",288,377,1.30902778,INR,12.59511019,27,0.46648556,29,0.43431414,7.69230769,,,,,,2025-02-01,2025-08-04
"Add to Cart_28/06",Goa,56,116,2.07142857,INR,12.45142013,3,4.15047338,7,1.7787743,6.03448276,,,,,,2025-02-01,2025-08-04
"New Sales Ad_02/08/25",Gujarat,57,73,1.28070175,INR,12.16379715,9,1.35153302,9,1.35153302,12.32876712,,,,,,2025-02-01,2025-08-04
"Traffic Campaign_Flash Sale2_05/05/2025","Dadra and Nagar Haveli",910,910,1,INR,12.03060293,19,0.63318963,19,0.63318963,2.08791209,,,,,,2025-02-01,2025-08-04
"New Sales Ad_02/08/25","Tamil Nadu",44,47,1.06818182,INR,11.95303829,5,2.39060766,6,1.99217305,12.76595745,,,,,,2025-02-01,2025-08-04
"New Sales Ad_02/08/25",Bihar,54,58,1.07407407,INR,11.91289374,11,1.08299034,11,1.08299034,18.96551724,,,,,,2025-02-01,2025-08-04
"Campaign 1 - OS and CT - JAN 27 - Advantage+ shopping campaign - Copy","Punjab region",60,74,1.23333333,INR,11.882605,,,0,0,0,,,,,,2025-02-01,2025-08-04
"Flash Sales_Sales Campaign_22/05/2025 – Copy","Jammu and Kashmir",944,977,1.03495763,INR,11.79,7,1.68428571,9,1.31,0.92118731,,,,,,2025-02-01,2025-08-04
"Updated Sales Campaign_24/06",Chhattisgarh,192,222,1.15625,INR,11.78870307,2,5.89435154,3,3.92956769,1.35135135,,,,,,2025-02-01,2025-08-04
"Traffic Campaign_Flash Sale2_05/05/2025",Chandigarh,514,642,1.24902724,INR,11.68888154,34,0.34379063,30,0.38962938,4.6728972,,,,,,2025-02-01,2025-08-04
"New Sales Ad_02/08/25",Karnataka,36,42,1.16666667,INR,11.55159284,2,5.77579642,3,3.85053095,7.14285714,,,,,,2025-02-01,2025-08-04
Influencer_Viti_Sales_05/07,Chhattisgarh,24,31,1.29166667,INR,11.4,6,1.9,6,1.9,19.35483871,,,,,,2025-02-01,2025-08-04
"Campaign 1 - OS and CT - JAN 27 - Advantage+ shopping campaign - Copy",Odisha,52,62,1.19230769,INR,11.34294085,1,11.34294085,1,11.34294085,1.61290323,,,,,,2025-02-01,2025-08-04
"Add To Cart_Father's Day_11/06",Nagaland,24,43,1.79166667,INR,11.22149983,2,5.61074991,1,11.22149983,2.3255814,,,,,,2025-02-01,2025-08-04
Influencer_Viti_Sales_05/07,"Tamil Nadu",29,38,1.31034483,INR,11.1,3,3.7,4,2.775,10.52631579,,,,,,2025-02-01,2025-08-04
"Add To Cart_Father's Day_11/06",Goa,72,85,1.18055556,INR,11.05147711,2,5.52573855,2,5.52573855,2.35294118,,,,,,2025-02-01,2025-08-04
"Raksha Badhan_Sales",Kerala,49,52,1.06122449,INR,10.87765386,10,1.08776539,10,1.08776539,19.23076923,,,,,,2025-02-01,2025-08-04
"Updated Sales Campaign_24/06","Jammu and Kashmir",128,131,1.0234375,INR,10.71609148,8,1.33951144,8,1.33951144,6.10687023,,,,,,2025-02-01,2025-08-04
"Campaign 1 - OS and CT - JAN 27 - Advantage+ shopping campaign - Copy",Rajasthan,67,100,1.49253731,INR,10.51345707,1,10.51345707,2,5.25672853,2,,,,,,2025-02-01,2025-08-04
"New Sales Ad_02/08/25",Kerala,41,44,1.07317073,INR,10.44761785,11,0.94978344,11,0.94978344,25,,,,,,2025-02-01,2025-08-04
Influencer_Viti_Sales_05/07,"Jammu and Kashmir",13,18,1.38461538,INR,10.4,6,1.73333333,6,1.73333333,33.33333333,,,,,,2025-02-01,2025-08-04
"Traffic Campaign_Model_14/05/2025","Dadra and Nagar Haveli",160,260,1.625,INR,10.38596785,22,0.47208945,22,0.47208945,8.46153846,,,,,,2025-02-01,2025-08-04
"Instagram post: Flex your fandom and win a...",Kerala,584,584,1,INR,10.27133452,7,1.4673335,7,1.4673335,1.19863014,,,,,,2025-02-01,2025-08-04
"Raksha Badhan_Sales","Tamil Nadu",35,35,1,INR,10.240211,10,1.0240211,10,1.0240211,28.57142857,,,,,,2025-02-01,2025-08-04
Influencer_Viti_Sales_05/07,Assam,28,37,1.32142857,INR,10.19,5,2.038,4,2.5475,10.81081081,,,,,,2025-02-01,2025-08-04
"Raksha Badhan_Sales","Madhya Pradesh",38,40,1.05263158,INR,10.09627229,6,1.68271205,6,1.68271205,15,,,,,,2025-02-01,2025-08-04
"Campaign 1 - OS and CT - JAN 27 - Advantage+ shopping campaign - Copy",Mizoram,10,10,1,INR,10.04374939,,,0,0,0,,,,,,2025-02-01,2025-08-04
Influencer_Viti_Sales_05/07,Uttarakhand,14,19,1.35714286,INR,9.95,3,3.31666667,4,2.4875,21.05263158,,,,,,2025-02-01,2025-08-04
"Traffic Campaign_Model_14/05/2025",Nagaland,320,333,1.040625,INR,9.56628607,28,0.34165307,28,0.34165307,8.40840841,,,,,,2025-02-01,2025-08-04
"Updated Sales Campaign_24/06",Chandigarh,56,71,1.26785714,INR,9.523187,1,9.523187,2,4.7615935,2.81690141,,,,,,2025-02-01,2025-08-04
"Campaign 1 - OS and CT - JAN 27 - Advantage+ shopping campaign - Copy",Telangana,42,49,1.16666667,INR,9.39415365,,,0,0,0,,,,,,2025-02-01,2025-08-04
"Add To Cart_Father's Day_11/06",Meghalaya,24,62,2.58333333,INR,9.08121377,1,9.08121377,1,9.08121377,1.61290323,,,,,,2025-02-01,2025-08-04
"Updated Sales Campaign_24/06",Meghalaya,32,34,1.0625,INR,8.73125882,,,0,0,0,,,,,,2025-02-01,2025-08-04
"Traffic Campaign_Model_14/05/2025",Mizoram,352,363,1.03125,INR,8.37674789,10,0.83767479,13,0.64436522,3.58126722,,,,,,2025-02-01,2025-08-04
"Flash Sales_Sales Campaign_22/05/2025 – Copy",Chhattisgarh,528,707,1.33901515,INR,8.2,8,1.025,8,1.025,1.13154173,,,,,,2025-02-01,2025-08-04
"Campaign 1 - OS and CT - JAN 27 - Advantage+ shopping campaign - Copy",Jharkhand,59,66,1.11864407,INR,8.09496219,4,2.02374055,3,2.69832073,4.54545455,,,,,,2025-02-01,2025-08-04
"Updated Sales Campaign_24/06","Himachal Pradesh",112,121,1.08035714,INR,8.08969675,2,4.04484838,5,1.61793935,4.1322314,,,,,,2025-02-01,2025-08-04
"Add To Cart_Normal_11/06",Unknown,11,11,1,INR,8.03051514,2,4.01525757,2,4.01525757,18.18181818,,,,,,2025-02-01,2025-08-04
"Traffic Campaign_Model_14/05/2025",Unknown,191,191,1,INR,7.95691088,12,0.66307591,11,0.72335553,5.7591623,,,,,,2025-02-01,2025-08-04
"Raksha Badhan_Sales","Punjab region",41,43,1.04878049,INR,7.947473,11,0.72249755,11,0.72249755,25.58139535,,,,,,2025-02-01,2025-08-04
"Add To Cart_Father's Day_11/06",Manipur,54,54,1,INR,7.94106138,4,1.98526534,4,1.98526534,7.40740741,,,,,,2025-02-01,2025-08-04
"Campaign 1 - OS and CT - JAN 27 - Advantage+ shopping campaign - Copy",Haryana,66,77,1.16666667,INR,7.9350617,1,7.9350617,1,7.9350617,1.2987013,,,,,,2025-02-01,2025-08-04
"Raksha Badhan_Sales",Tripura,5,5,1,INR,7.85494097,,,0,0,0,,,,,,2025-02-01,2025-08-04
"Raksha Badhan_Sales",Karnataka,21,26,1.23809524,INR,7.81381562,4,1.95345391,4,1.95345391,15.38461538,,,,,,2025-02-01,2025-08-04
"Add To Cart_Normal_11/06",Uttarakhand,142,142,1,INR,7.77049846,4,1.94262462,4,1.94262462,2.81690141,,,,,,2025-02-01,2025-08-04
"Add To Cart_Normal_11/06","Jammu and Kashmir",80,82,1.025,INR,7.73049589,2,3.86524795,2,3.86524795,2.43902439,,,,,,2025-02-01,2025-08-04
"New Sales Ad_02/08/25",Assam,28,31,1.10714286,INR,7.72782492,8,0.96597812,8,0.96597812,25.80645161,,,,,,2025-02-01,2025-08-04
"New Sales Ad_02/08/25",Delhi,35,38,1.08571429,INR,7.70775265,,,0,0,0,,,,,,2025-02-01,2025-08-04
"Add To Cart_Father's Day_11/06","Andaman and Nicobar Islands",10,10,1,INR,7.52100523,,,0,0,0,,,,,,2025-02-01,2025-08-04
"New Sales Ad_02/08/25",Jharkhand,25,27,1.08,INR,7.51706606,8,0.93963326,8,0.93963326,29.62962963,,,,,,2025-02-01,2025-08-04
"Add To Cart_Normal_11/06",Chandigarh,36,38,1.05555556,INR,7.36047216,2,3.68023608,4,1.84011804,10.52631579,,,,,,2025-02-01,2025-08-04
"Updated Sales Campaign_24/06",Goa,40,52,1.3,INR,7.35791501,,,0,0,0,,,,,,2025-02-01,2025-08-04
"Add To Cart_Father's Day_11/06",Unknown,40,42,1.05,INR,7.28097315,5,1.45619463,5,1.45619463,11.9047619,,,,,,2025-02-01,2025-08-04
"Raksha Badhan_Sales",Jharkhand,41,47,1.14634146,INR,7.10440342,8,0.88805043,8,0.88805043,17.0212766,,,,,,2025-02-01,2025-08-04
"Instagram post: Flex your fandom and win a...","Jammu and Kashmir",736,920,1.25,INR,7.08092,9,0.78676889,9,0.78676889,0.97826087,,,,,,2025-02-01,2025-08-04
Influencer_Viti_Sales_05/07,Telangana,28,43,1.53571429,INR,7.08,2,3.54,4,1.77,9.30232558,,,,,,2025-02-01,2025-08-04
"Instagram post: Flex your fandom and win a...","Himachal Pradesh",802,802,1,INR,7.0509161,10,0.70509161,10,0.70509161,1.24688279,,,,,,2025-02-01,2025-08-04
"Traffic Campaign_Flash Sale2_05/05/2025",Mizoram,899,1294,1.43937709,INR,6.92488339,32,0.21640261,31,0.22338334,2.39567233,,,,,,2025-02-01,2025-08-04
"Updated Sales Campaign_24/06",Mizoram,8,22,2.75,INR,6.81659701,,,0,0,0,,,,,,2025-02-01,2025-08-04
"Traffic Campaign_Model_14/05/2025",Goa,112,144,1.28571429,INR,6.60743479,13,0.50826421,12,0.55061957,8.33333333,,,,,,2025-02-01,2025-08-04
"Add To Cart_Normal_11/06",Mizoram,12,15,1.25,INR,6.57042148,,,0,0,0,,,,,,2025-02-01,2025-08-04
"Raksha Badhan_Sales",Telangana,36,36,1,INR,6.30245918,5,1.26049184,5,1.26049184,13.88888889,,,,,,2025-02-01,2025-08-04
"Flash Sales_Sales Campaign_22/05/2025 – Copy","Himachal Pradesh",432,465,1.07638889,INR,6.2,1,6.2,1,6.2,0.21505376,,,,,,2025-02-01,2025-08-04
"Traffic_Website Visit_28/06/25","Andaman and Nicobar Islands",48,123,2.5625,INR,6.18044243,13,0.47541865,13,0.47541865,10.56910569,,,,,,2025-02-01,2025-08-04
"Traffic Campaign_Flash Sale2_05/05/2025",Goa,257,535,2.08171206,INR,6.14093433,14,0.43863817,15,0.40939562,2.80373832,,,,,,2025-02-01,2025-08-04
"New Sales Ad_02/08/25","Punjab region",27,34,1.25925926,INR,6.08189857,2,3.04094929,2,3.04094929,5.88235294,,,,,,2025-02-01,2025-08-04
"New Sales Ad_02/08/25",Telangana,29,30,1.03448276,INR,5.98153721,5,1.19630744,5,1.19630744,16.66666667,,,,,,2025-02-01,2025-08-04
"Add to Cart_28/06",Manipur,40,50,1.25,INR,5.91067413,3,1.97022471,3,1.97022471,6,,,,,,2025-02-01,2025-08-04
"Traffic Campaign_Flash Sale2_05/05/2025",Manipur,450,840,1.86666667,INR,5.78916231,14,0.41351159,13,0.44532018,1.54761905,,,,,,2025-02-01,2025-08-04
"Add to Cart_28/06",Puducherry,32,73,2.28125,INR,5.45062166,,,1,5.45062166,1.36986301,,,,,,2025-02-01,2025-08-04
"Flash Sales_Sales Campaign_22/05/2025 – Copy",Meghalaya,129,129,1,INR,5.43,,,2,2.715,1.5503876,,,,,,2025-02-01,2025-08-04
"Raksha Badhan_Sales","Andhra Pradesh",36,37,1.02777778,INR,5.37713891,8,0.67214236,8,0.67214236,21.62162162,,,,,,2025-02-01,2025-08-04
"Campaign 1 - OS and CT - JAN 27 - Advantage+ shopping campaign - Copy",Sikkim,6,6,1,INR,5.04685914,,,0,0,0,,,,,,2025-02-01,2025-08-04
"Add To Cart_Normal_11/06",Goa,16,23,1.4375,INR,4.90031434,,,0,0,0,,,,,,2025-02-01,2025-08-04
"Add to Cart_28/06",Unknown,0,26,0,INR,4.85055322,5,0.97011064,5,0.97011064,19.23076923,,,,,,2025-02-01,2025-08-04
"Traffic Campaign_Flash Sale2_05/05/2025",Meghalaya,385,570,1.48051948,INR,4.8142513,12,0.40118761,11,0.43765921,1.92982456,,,,,,2025-02-01,2025-08-04
"Add to Cart_28/06",Mizoram,31,31,1,INR,4.71053725,,,0,0,0,,,,,,2025-02-01,2025-08-04
"Add To Cart_Father's Day_11/06",Puducherry,40,44,1.1,INR,4.59061357,1,4.59061357,2,2.29530678,4.54545455,,,,,,2025-02-01,2025-08-04
"New Sales Ad_02/08/25",Odisha,17,18,1.05882353,INR,4.58651427,5,0.91730285,5,0.91730285,27.77777778,,,,,,2025-02-01,2025-08-04
Influencer_Viti_Sales_05/07,Chandigarh,7,12,1.71428571,INR,4.53,,,0,0,0,,,,,,2025-02-01,2025-08-04
"New Sales Ad_02/08/25",Chhattisgarh,12,14,1.16666667,INR,4.4560445,,,0,0,0,,,,,,2025-02-01,2025-08-04
"New Sales Ad_02/08/25","Andhra Pradesh",25,28,1.12,INR,4.38579155,3,1.46193052,3,1.46193052,10.71428571,,,,,,2025-02-01,2025-08-04
"Updated Sales Campaign_24/06",Puducherry,20,28,1.4,INR,4.3505928,1,4.3505928,1,4.3505928,3.57142857,,,,,,2025-02-01,2025-08-04
"Add to Cart_28/06","Dadra and Nagar Haveli",32,48,1.5,INR,4.26048592,,,0,0,0,,,,,,2025-02-01,2025-08-04
"Traffic Campaign_Model_14/05/2025",Chandigarh,96,118,1.22916667,INR,4.19837006,4,1.04959252,5,0.83967401,4.23728814,,,,,,2025-02-01,2025-08-04
"New Sales Ad_02/08/25","Himachal Pradesh",13,14,1.07692308,INR,4.10477973,2,2.05238987,2,2.05238987,14.28571429,,,,,,2025-02-01,2025-08-04
"Raksha Badhan_Sales",Delhi,28,32,1.14285714,INR,4.08169053,1,4.08169053,1,4.08169053,3.125,,,,,,2025-02-01,2025-08-04
"Campaign 1 - OS and CT - JAN 27 - Advantage+ shopping campaign - Copy",Goa,11,14,1.27272727,INR,3.94754329,1,3.94754329,1,3.94754329,7.14285714,,,,,,2025-02-01,2025-08-04
"Raksha Badhan_Sales",Haryana,23,24,1.04347826,INR,3.92747048,4,0.98186762,4,0.98186762,16.66666667,,,,,,2025-02-01,2025-08-04
"Updated Sales Campaign_24/06",Tripura,20,28,1.4,INR,3.91954328,1,3.91954328,1,3.91954328,3.57142857,,,,,,2025-02-01,2025-08-04
"New Sales Ad_02/08/25",Haryana,24,24,1,INR,3.89402087,2,1.94701043,2,1.94701043,8.33333333,,,,,,2025-02-01,2025-08-04
"Raksha Badhan_Sales",Odisha,29,31,1.06896552,INR,3.86578247,7,0.55225464,7,0.55225464,22.58064516,,,,,,2025-02-01,2025-08-04
"Add to Cart_28/06",Nagaland,24,26,1.08333333,INR,3.85043916,,,1,3.85043916,3.84615385,,,,,,2025-02-01,2025-08-04
"Add To Cart_Normal_11/06",Meghalaya,18,23,1.27777778,INR,3.85024698,1,3.85024698,1,3.85024698,4.34782609,,,,,,2025-02-01,2025-08-04
"Raksha Badhan_Sales",Uttarakhand,18,22,1.22222222,INR,3.84521979,4,0.96130495,3,1.28173993,13.63636364,,,,,,2025-02-01,2025-08-04
"Campaign 1 - OS and CT - JAN 27 - Advantage+ shopping campaign - Copy",Nagaland,10,13,1.3,INR,3.70769256,,,0,0,0,,,,,,2025-02-01,2025-08-04
"Campaign 1 - OS and CT - JAN 27 - Advantage+ shopping campaign - Copy","Arunachal Pradesh",4,5,1.25,INR,3.62774232,,,0,0,0,,,,,,2025-02-01,2025-08-04
"Campaign 1 - OS and CT - JAN 27 - Advantage+ shopping campaign - Copy",Uttarakhand,23,23,1,INR,3.60775475,,,0,0,0,,,,,,2025-02-01,2025-08-04
"Flash Sales_Sales Campaign_22/05/2025 – Copy",Mizoram,246,246,1,INR,3.59,7,0.51285714,8,0.44875,3.25203252,,,,,,2025-02-01,2025-08-04
"Campaign 1 - OS and CT - JAN 27 - Advantage+ shopping campaign - Copy","Jammu and Kashmir",27,28,1.03703704,INR,3.57777341,,,0,0,0,,,,,,2025-02-01,2025-08-04
"Flash Sales_Sales Campaign_22/05/2025 – Copy 2",Karnataka,11,12,1.09090909,INR,3.55,1,3.55,2,1.775,16.66666667,,,,,,2025-02-01,2025-08-04
"Traffic Campaign_Model_14/05/2025","Andaman and Nicobar Islands",64,67,1.046875,INR,3.5386262,9,0.39318069,8,0.44232827,11.94029851,,,,,,2025-02-01,2025-08-04
"Flash Sales_Sales Campaign_22/05/2025 – Copy",Tripura,176,202,1.14772727,INR,3.52,1,3.52,1,3.52,0.4950495,,,,,,2025-02-01,2025-08-04
"Add to Cart_28/06",Meghalaya,22,22,1,INR,3.39038668,,,0,0,0,,,,,,2025-02-01,2025-08-04
"Add to Cart_28/06",Sikkim,24,24,1,INR,3.36038326,,,0,0,0,,,,,,2025-02-01,2025-08-04
Influencer_Viti_Sales_05/07,Tripura,4,5,1.25,INR,3.28,1,3.28,0,0,0,,,,,,2025-02-01,2025-08-04
"Traffic Campaign_Flash Sale2_05/05/2025","Arunachal Pradesh",193,383,1.98445596,INR,3.14584688,11,0.28598608,10,0.31458469,2.61096606,,,,,,2025-02-01,2025-08-04
"Add To Cart_Normal_11/06","Dadra and Nagar Haveli",15,15,1,INR,3.1302008,,,0,0,0,,,,,,2025-02-01,2025-08-04
"Traffic Campaign_Flash Sale2_05/05/2025",Sikkim,300,300,1,INR,3.0151887,7,0.43074124,6,0.50253145,2,,,,,,2025-02-01,2025-08-04
"Raksha Badhan_Sales",Assam,28,30,1.07142857,INR,2.90961819,3,0.96987273,3,0.96987273,10,,,,,,2025-02-01,2025-08-04
"Add to Cart_28/06","Arunachal Pradesh",16,24,1.5,INR,2.86032623,2,1.43016311,2,1.43016311,8.33333333,,,,,,2025-02-01,2025-08-04
"Add To Cart_Father's Day_11/06","Dadra and Nagar Haveli",48,48,1,INR,2.84037964,4,0.71009491,4,0.71009491,8.33333333,,,,,,2025-02-01,2025-08-04
"New Sales Ad_02/08/25","Jammu and Kashmir",14,15,1.07142857,INR,2.79004588,,,0,0,0,,,,,,2025-02-01,2025-08-04
"Add To Cart_Normal_11/06","Himachal Pradesh",56,65,1.16071429,INR,2.60016679,,,0,0,0,,,,,,2025-02-01,2025-08-04
"Updated Sales Campaign_24/06",Sikkim,17,17,1,INR,2.59632151,,,0,0,0,,,,,,2025-02-01,2025-08-04
"Instagram post: Flex your fandom and win a...",Chandigarh,128,139,1.0859375,INR,2.55033136,3,0.85011045,3,0.85011045,2.15827338,,,,,,2025-02-01,2025-08-04
"Flash Sales_Sales Campaign_22/05/2025 – Copy",Chandigarh,64,80,1.25,INR,2.53,1,2.53,1,2.53,1.25,,,,,,2025-02-01,2025-08-04
"Traffic Campaign_Flash Sale2_05/05/2025",Nagaland,321,359,1.11838006,INR,2.40210033,9,0.26690004,9,0.26690004,2.50696379,,,,,,2025-02-01,2025-08-04
"Flash Sales_Sales Campaign_22/05/2025 – Copy",Goa,68,68,1,INR,2.36,1,2.36,1,2.36,1.47058824,,,,,,2025-02-01,2025-08-04
"Updated Sales Campaign_24/06",Manipur,16,25,1.5625,INR,2.28556488,,,1,2.28556488,4,,,,,,2025-02-01,2025-08-04
"Flash Sales_Sales Campaign_22/05/2025 – Copy 2",Haryana,8,8,1,INR,2.22,1,2.22,1,2.22,12.5,,,,,,2025-02-01,2025-08-04
"Add To Cart_Father's Day_11/06","Arunachal Pradesh",24,33,1.375,INR,2.16028874,1,2.16028874,1,2.16028874,3.03030303,,,,,,2025-02-01,2025-08-04
Influencer_Viti_Sales_05/07,"Himachal Pradesh",3,4,1.33333333,INR,2.09,2,1.045,2,1.045,50,,,,,,2025-02-01,2025-08-04
"New Sales Ad_02/08/25",Sikkim,2,3,1.5,INR,2.07748021,1,2.07748021,1,2.07748021,33.33333333,,,,,,2025-02-01,2025-08-04
"Instagram post: Flex your fandom and win a...","Dadra and Nagar Haveli",313,313,1,INR,2.06026768,1,2.06026768,1,2.06026768,0.31948882,,,,,,2025-02-01,2025-08-04
"Add to Cart_28/06","Andaman and Nicobar Islands",0,13,0,INR,1.99022699,1,1.99022699,4,0.49755675,30.76923077,,,,,,2025-02-01,2025-08-04
"Flash Sales_Sales Campaign_22/05/2025 – Copy",Nagaland,83,83,1,INR,1.98,2,0.99,3,0.66,3.61445783,,,,,,2025-02-01,2025-08-04
"Instagram post: Flex your fandom and win a...",Puducherry,96,128,1.33333333,INR,1.92024949,2,0.96012475,2,0.96012475,1.5625,,,,,,2025-02-01,2025-08-04
"Add To Cart_Normal_11/06",Nagaland,15,15,1,INR,1.86011932,,,0,0,0,,,,,,2025-02-01,2025-08-04
"Campaign 1 - OS and CT - JAN 27 - Advantage+ shopping campaign - Copy","Andaman and Nicobar Islands",6,6,1,INR,1.80887427,,,0,0,0,,,,,,2025-02-01,2025-08-04
"Raksha Badhan_Sales",Chhattisgarh,20,22,1.1,INR,1.79923386,3,0.59974462,3,0.59974462,13.63636364,,,,,,2025-02-01,2025-08-04
"New Sales Ad_02/08/25",Uttarakhand,11,12,1.09090909,INR,1.69610703,2,0.84805351,2,0.84805351,16.66666667,,,,,,2025-02-01,2025-08-04
"Flash Sales_Sales Campaign_22/05/2025 – Copy","Arunachal Pradesh",88,125,1.42045455,INR,1.61,,,1,1.61,0.8,,,,,,2025-02-01,2025-08-04
"Instagram post: Flex your fandom and win a...",Manipur,0,94,0,INR,1.55020141,1,1.55020141,1,1.55020141,1.06382979,,,,,,2025-02-01,2025-08-04
"Campaign 1 - OS and CT - JAN 27 - Advantage+ shopping campaign - Copy",Manipur,15,18,1.2,INR,1.53904219,,,0,0,0,,,,,,2025-02-01,2025-08-04
"Flash Sales_Sales Campaign_22/05/2025 – Copy 2",Maharashtra,28,29,1.03571429,INR,1.52,1,1.52,1,1.52,3.44827586,,,,,,2025-02-01,2025-08-04
"Instagram post: Flex your fandom and win a...",Goa,64,107,1.671875,INR,1.51019622,,,0,0,0,,,,,,2025-02-01,2025-08-04
"Add To Cart_Normal_11/06",Puducherry,10,11,1.1,INR,1.4200911,1,1.4200911,1,1.4200911,9.09090909,,,,,,2025-02-01,2025-08-04
"Traffic Campaign_Flash Sale2_05/05/2025","Andaman and Nicobar Islands",64,104,1.625,INR,1.3869868,5,0.27739736,4,0.3467467,3.84615385,,,,,,2025-02-01,2025-08-04
"New Sales Ad_02/08/25",Puducherry,6,6,1,INR,1.3548784,1,1.3548784,1,1.3548784,16.66666667,,,,,,2025-02-01,2025-08-04
"Flash Sales_Sales Campaign_22/05/2025 – Copy 2","Uttar Pradesh",42,45,1.07142857,INR,1.3,1,1.3,2,0.65,4.44444444,,,,,,2025-02-01,2025-08-04
"Instagram post: Flex your fandom and win a...",Tripura,169,169,1,INR,1.23015983,1,1.23015983,1,1.23015983,0.59171598,,,,,,2025-02-01,2025-08-04
"Campaign 1 - OS and CT - JAN 27 - Advantage+ shopping campaign - Copy",Puducherry,13,15,1.15384615,INR,1.19925366,,,0,0,0,,,,,,2025-02-01,2025-08-04
"Raksha Badhan_Sales","Jammu and Kashmir",12,12,1,INR,1.130947,,,0,0,0,,,,,,2025-02-01,2025-08-04
"Add To Cart_Normal_11/06","Arunachal Pradesh",10,21,2.1,INR,1.11007121,1,1.11007121,1,1.11007121,4.76190476,,,,,,2025-02-01,2025-08-04
"Raksha Badhan_Sales","Himachal Pradesh",7,7,1,INR,1.10010299,5,0.2200206,5,0.2200206,71.42857143,,,,,,2025-02-01,2025-08-04
Influencer_Viti_Sales_05/07,Sikkim,2,2,1,INR,1.1,,,0,0,0,,,,,,2025-02-01,2025-08-04
"Flash Sales_Sales Campaign_22/05/2025 – Copy","Dadra and Nagar Haveli",80,114,1.425,INR,1.1,1,1.1,2,0.55,1.75438596,,,,,,2025-02-01,2025-08-04
TeeFusion_Sales_Scaling,"Himachal Pradesh",20,20,1,INR,1.06017762,,,0,0,0,,,,,,2025-02-01,2025-08-04
"Flash Sales_Sales Campaign_22/05/2025 – Copy 2",Rajasthan,41,42,1.02439024,INR,1.06,,,0,0,0,,,,,,2025-02-01,2025-08-04
"Flash Sales_Sales Campaign_22/05/2025 – Copy 2",Bihar,20,20,1,INR,1.01,1,1.01,1,1.01,5,,,,,,2025-02-01,2025-08-04
"Updated Sales Campaign_24/06","Dadra and Nagar Haveli",27,27,1,INR,0.98239192,,,0,0,0,,,,,,2025-02-01,2025-08-04
"Campaign 1 - OS and CT - JAN 27 - Advantage+ shopping campaign - Copy",Chandigarh,9,18,2,INR,0.97939049,,,0,0,0,,,,,,2025-02-01,2025-08-04
"Flash Sales_Sales Campaign_22/05/2025 – Copy 2","West Bengal",30,38,1.26666667,INR,0.91,1,0.91,1,0.91,2.63157895,,,,,,2025-02-01,2025-08-04
"Flash Sales_Sales Campaign_22/05/2025 – Copy",Sikkim,72,73,1.01388889,INR,0.86,,,1,0.86,1.36986301,,,,,,2025-02-01,2025-08-04
Influencer_Viti_Sales_05/07,Puducherry,1,1,1,INR,0.83,1,0.83,1,0.83,100,,,,,,2025-02-01,2025-08-04
"Add To Cart_Normal_11/06",Tripura,20,24,1.2,INR,0.8200526,,,0,0,0,,,,,,2025-02-01,2025-08-04
"Updated Sales Campaign_24/06",Nagaland,16,16,1,INR,0.79192818,,,0,0,0,,,,,,2025-02-01,2025-08-04
"Instagram post: Flex your fandom and win a...","Arunachal Pradesh",56,56,1,INR,0.76009876,4,0.19002469,3,0.25336625,5.35714286,,,,,,2025-02-01,2025-08-04
"Flash Sales_Sales Campaign_22/05/2025 – Copy",Unknown,40,42,1.05,INR,0.73,1,0.73,1,0.73,2.38095238,,,,,,2025-02-01,2025-08-04
"New Sales Ad_02/08/25",Chandigarh,3,3,1,INR,0.67242113,,,0,0,0,,,,,,2025-02-01,2025-08-04
"New Sales Ad_02/08/25",Manipur,3,3,1,INR,0.64231272,2,0.32115636,2,0.32115636,66.66666667,,,,,,2025-02-01,2025-08-04
"Instagram post: Flex your fandom and win a...",Meghalaya,71,71,1,INR,0.64008316,,,0,0,0,,,,,,2025-02-01,2025-08-04
Influencer_Viti_Sales_05/07,Nagaland,1,1,1,INR,0.63,,,0,0,0,,,,,,2025-02-01,2025-08-04
"Traffic_Website Visit_28/06/25",Unknown,18,18,1,INR,0.61004367,3,0.20334789,3,0.20334789,16.66666667,,,,,,2025-02-01,2025-08-04
"Instagram post: Flex your fandom and win a...",Nagaland,0,64,0,INR,0.56007277,,,0,0,0,,,,,,2025-02-01,2025-08-04
"Flash Sales_Sales Campaign_22/05/2025 – Copy",Puducherry,24,54,2.25,INR,0.51,,,0,0,0,,,,,,2025-02-01,2025-08-04
"Flash Sales_Sales Campaign_22/05/2025 – Copy 2",Gujarat,30,34,1.13333333,INR,0.47,,,0,0,0,,,,,,2025-02-01,2025-08-04
"Flash Sales_Sales Campaign_22/05/2025 – Copy 2",Delhi,8,9,1.125,INR,0.47,,,0,0,0,,,,,,2025-02-01,2025-08-04
"Raksha Badhan_Sales",Manipur,3,3,1,INR,0.46266014,1,0.46266014,1,0.46266014,33.33333333,,,,,,2025-02-01,2025-08-04
"New Sales Ad_02/08/25",Tripura,1,2,2,INR,0.46166227,,,0,0,0,,,,,,2025-02-01,2025-08-04
"Campaign 1 - OS and CT - JAN 27 - Advantage+ shopping campaign - Copy","Dadra and Nagar Haveli",4,4,1,INR,0.44972012,,,0,0,0,,,,,,2025-02-01,2025-08-04
"Updated Sales Campaign_24/06","Andaman and Nicobar Islands",4,5,1.25,INR,0.43104952,,,0,0,0,,,,,,2025-02-01,2025-08-04
"Traffic_Website Visit_28/06/25",Lakshadweep,0,6,0,INR,0.41002935,1,0.41002935,1,0.41002935,16.66666667,,,,,,2025-02-01,2025-08-04
"Campaign 1 - OS and CT - JAN 27 - Advantage+ shopping campaign - Copy",Unknown,7,9,1.28571429,INR,0.37976366,,,0,0,0,,,,,,2025-02-01,2025-08-04
"Updated Sales Campaign_24/06",Unknown,0,1,0,INR,0.35085426,,,0,0,0,,,,,,2025-02-01,2025-08-04
"Campaign 1 - OS and CT - JAN 27 - Advantage+ shopping campaign - Copy","Himachal Pradesh",18,22,1.22222222,INR,0.34978232,,,0,0,0,,,,,,2025-02-01,2025-08-04
"Flash Sales_Sales Campaign_22/05/2025 – Copy","Andaman and Nicobar Islands",0,17,0,INR,0.33,1,0.33,1,0.33,5.88235294,,,,,,2025-02-01,2025-08-04
"New Sales Ad_02/08/25",Goa,3,3,1,INR,0.32115636,,,0,0,0,,,,,,2025-02-01,2025-08-04
"Instagram post: Flex your fandom and win a...","Andaman and Nicobar Islands",0,32,0,INR,0.32004158,,,0,0,0,,,,,,2025-02-01,2025-08-04
"Flash Sales_Sales Campaign_22/05/2025 – Copy 2","Madhya Pradesh",28,34,1.21428571,INR,0.32,1,0.32,1,0.32,2.94117647,,,,,,2025-02-01,2025-08-04
Influencer_Viti_Sales_05/07,Manipur,1,6,6,INR,0.32,1,0.32,3,0.10666667,50,,,,,,2025-02-01,2025-08-04
"Add To Cart_Normal_11/06",Sikkim,2,4,2,INR,0.31001989,,,0,0,0,,,,,,2025-02-01,2025-08-04
"Instagram post: Flex your fandom and win a...",Mizoram,36,36,1,INR,0.29003768,,,0,0,0,,,,,,2025-02-01,2025-08-04
Influencer_Viti_Sales_05/07,Goa,1,1,1,INR,0.29,,,0,0,0,,,,,,2025-02-01,2025-08-04
"Campaign 1 - OS and CT - JAN 27 - Advantage+ shopping campaign - Copy",Meghalaya,10,10,1,INR,0.28981963,,,0,0,0,,,,,,2025-02-01,2025-08-04
"Flash Sales_Sales Campaign_22/05/2025 – Copy 2","Punjab region",9,11,1.22222222,INR,0.28,,,0,0,0,,,,,,2025-02-01,2025-08-04
"Flash Sales_Sales Campaign_22/05/2025 – Copy 2",Telangana,11,14,1.27272727,INR,0.28,,,0,0,0,,,,,,2025-02-01,2025-08-04
"Flash Sales_Sales Campaign_22/05/2025 – Copy 2",Kerala,5,6,1.2,INR,0.27,,,0,0,0,,,,,,2025-02-01,2025-08-04
"Instagram post: Flex your fandom and win a...",Sikkim,0,24,0,INR,0.26003379,,,0,0,0,,,,,,2025-02-01,2025-08-04
Influencer_Viti_Sales_05/07,Meghalaya,1,1,1,INR,0.26,,,0,0,0,,,,,,2025-02-01,2025-08-04
"Traffic Campaign_Model_14/05/2025",Lakshadweep,0,2,0,INR,0.22991074,1,0.22991074,1,0.22991074,50,,,,,,2025-02-01,2025-08-04
"Add To Cart_Normal_11/06",Manipur,16,16,1,INR,0.22001411,,,0,0,0,,,,,,2025-02-01,2025-08-04
"Raksha Badhan_Sales",Unknown,1,1,1,INR,0.21590806,1,0.21590806,1,0.21590806,100,,,,,,2025-02-01,2025-08-04
"Flash Sales_Sales Campaign_22/05/2025 – Copy 2","Tamil Nadu",10,12,1.2,INR,0.21,,,0,0,0,,,,,,2025-02-01,2025-08-04
"Raksha Badhan_Sales",Chandigarh,1,1,1,INR,0.19534539,1,0.19534539,1,0.19534539,100,,,,,,2025-02-01,2025-08-04
"Flash Sales_Sales Campaign_22/05/2025 – Copy 2",Chhattisgarh,12,12,1,INR,0.17,,,0,0,0,,,,,,2025-02-01,2025-08-04
"Raksha Badhan_Sales","Arunachal Pradesh",2,2,1,INR,0.15422005,1,0.15422005,1,0.15422005,50,,,,,,2025-02-01,2025-08-04
Influencer_Viti_Sales_05/07,"Arunachal Pradesh",1,1,1,INR,0.15,,,0,0,0,,,,,,2025-02-01,2025-08-04
"Instagram post: Flex your fandom and win a...",Unknown,0,9,0,INR,0.13001689,,,0,0,0,,,,,,2025-02-01,2025-08-04
Influencer_Viti_Sales_05/07,Mizoram,2,5,2.5,INR,0.13,,,0,0,0,,,,,,2025-02-01,2025-08-04
"Flash Sales_Sales Campaign_22/05/2025 – Copy 2",Odisha,5,5,1,INR,0.13,,,0,0,0,,,,,,2025-02-01,2025-08-04
"Flash Sales_Sales Campaign_22/05/2025 – Copy 2","Andhra Pradesh",11,11,1,INR,0.1,,,0,0,0,,,,,,2025-02-01,2025-08-04
"Updated Sales Campaign_24/06","Arunachal Pradesh",4,14,3.5,INR,0.09021967,,,0,0,0,,,,,,2025-02-01,2025-08-04
"New Sales Ad_02/08/25","Andaman and Nicobar Islands",1,1,1,INR,0.08028909,,,0,0,0,,,,,,2025-02-01,2025-08-04
"Raksha Badhan_Sales",Sikkim,1,1,1,INR,0.07196935,,,0,0,0,,,,,,2025-02-01,2025-08-04
"Raksha Badhan_Sales",Mizoram,3,3,1,INR,0.06168802,1,0.06168802,1,0.06168802,33.33333333,,,,,,2025-02-01,2025-08-04
"Flash Sales_Sales Campaign_22/05/2025 – Copy 2",Uttarakhand,6,6,1,INR,0.06,,,0,0,0,,,,,,2025-02-01,2025-08-04
"Raksha Badhan_Sales",Puducherry,1,1,1,INR,0.05140668,,,0,0,0,,,,,,2025-02-01,2025-08-04
"Flash Sales_Sales Campaign_22/05/2025 – Copy 2","Jammu and Kashmir",7,9,1.28571429,INR,0.05,,,0,0,0,,,,,,2025-02-01,2025-08-04
"Flash Sales_Sales Campaign_22/05/2025 – Copy 2",Chandigarh,2,2,1,INR,0.05,,,0,0,0,,,,,,2025-02-01,2025-08-04
"Flash Sales_Sales Campaign_22/05/2025 – Copy 2","Himachal Pradesh",4,4,1,INR,0.05,,,0,0,0,,,,,,2025-02-01,2025-08-04
"New Sales Ad_02/08/25","Dadra and Nagar Haveli",0,1,0,INR,0.03010841,1,0.03010841,1,0.03010841,100,,,,,,2025-02-01,2025-08-04
"Instagram post: Flex your fandom and win a...",Lakshadweep,0,2,0,INR,0.0300039,,,0,0,0,,,,,,2025-02-01,2025-08-04
Influencer_Viti_Sales_05/07,Unknown,1,1,1,INR,0.03,,,0,0,0,,,,,,2025-02-01,2025-08-04
"Flash Sales_Sales Campaign_22/05/2025 – Copy 2",Mizoram,2,2,1,INR,0.03,,,0,0,0,,,,,,2025-02-01,2025-08-04
"Traffic Campaign_Flash Sale2_05/05/2025",Lakshadweep,0,10,0,INR,0.02010126,,,0,0,0,,,,,,2025-02-01,2025-08-04
"Add To Cart_Normal_11/06","Andaman and Nicobar Islands",1,1,1,INR,0.02000128,,,0,0,0,,,,,,2025-02-01,2025-08-04
"Flash Sales_Sales Campaign_22/05/2025 – Copy 2",Jharkhand,5,5,1,INR,0.02,,,0,0,0,,,,,,2025-02-01,2025-08-04
"Raksha Badhan_Sales",Goa,1,1,1,INR,0.01028134,,,0,0,0,,,,,,2025-02-01,2025-08-04
Influencer_Viti_Sales_05/07,"Andaman and Nicobar Islands",0,1,0,INR,0.01,,,0,0,0,,,,,,2025-02-01,2025-08-04
"Flash Sales_Sales Campaign_22/05/2025 – Copy 2",Manipur,1,1,1,INR,0.01,,,0,0,0,,,,,,2025-02-01,2025-08-04
"Flash Sales_Sales Campaign_22/05/2025 – Copy 2",Assam,3,3,1,INR,0.01,,,0,0,0,,,,,,2025-02-01,2025-08-04
Influencer_Viti_Sales_05/07,"Dadra and Nagar Haveli",1,1,1,INR,0.01,,,0,0,0,,,,,,2025-02-01,2025-08-04
"Flash Sales_Sales Campaign_22/05/2025 – Copy",Lakshadweep,0,1,0,INR,0.01,,,0,0,0,,,,,,2025-02-01,2025-08-04
"Flash Sales_Sales Campaign_22/05/2025 – Copy 2",Tripura,1,1,1,INR,0,,,0,0,0,,,,,,2025-02-01,2025-08-04
"Raksha Badhan_Sales",Nagaland,1,1,1,INR,0,,,0,0,0,,,,,,2025-02-01,2025-08-04
